symbol,entry_time_utc,entry_price,effective_entry_price,position_size_usd,zone_weight,exit_time_utc,exit_price,effective_exit_price,pnl_usd,exit_reason
LTC/USDT,2018-06-10 17:00:00,105.740000,105.898610,200.00,16,2019-05-15 20:00:00,100.580000,100.429130,-10.33,sell_resistance
BTC/USDT,2018-06-12 19:00:00,6497.970000,6507.716955,200.00,8,2020-10-27 21:00:00,13692.580000,13672.041130,220.18,sell_resistance
XLM/USDT,2019-01-28 02:00:00,0.091270,0.091407,200.00,8,2020-03-12 23:00:00,0.031740,0.031692,-130.66,sell_stoploss
VET/USDT,2019-09-24 19:00:00,0.003237,0.003242,180.00,9,2020-03-13 00:00:00,0.002235,0.002232,-56.09,sell_stoploss
ZIL/USDT,2019-11-22 14:00:00,0.004550,0.004557,200.00,14,2020-03-12 23:00:00,0.003140,0.003135,-62.39,sell_stoploss
ALGO/USDT,2020-03-12 10:00:00,0.183200,0.183475,200.00,6,2020-07-16 17:00:00,0.335300,0.334797,164.95,sell_resistance
ATOM/USDT,2020-03-14 08:00:00,1.800000,1.802700,200.00,15,2020-08-10 01:00:00,5.472000,5.463792,406.18,sell_resistance
ADA/USDT,2020-03-15 10:00:00,0.027240,0.027281,180.00,9,2020-03-16 07:00:00,0.023120,0.023085,-27.68,sell_stoploss
TRX/USDT,2020-03-15 21:00:00,0.010980,0.010996,180.00,9,2020-03-16 10:00:00,0.008530,0.008517,-40.58,sell_stoploss
TRX/USDT,2020-03-19 12:00:00,0.011000,0.011017,159.35,9,2020-08-16 14:00:00,0.026890,0.026850,229.02,sell_resistance
ADA/USDT,2020-03-22 22:00:00,0.027020,0.027061,159.56,9,2020-07-06 22:00:00,0.105410,0.105252,461.04,sell_resistance
VET/USDT,2020-03-31 14:00:00,0.003244,0.003249,159.10,9,2020-07-04 07:00:00,0.010940,0.010924,375.84,sell_resistance
XLM/USDT,2020-04-28 03:00:00,0.069660,0.069764,138.17,9,2020-11-24 03:00:00,0.161830,0.161587,181.86,sell_resistance
BAT/USDT,2020-09-21 09:00:00,0.223800,0.224136,120.00,13,2021-02-01 00:00:00,0.293700,0.293259,37.01,sell_resistance
LTC/USDT,2021-06-22 13:00:00,107.390000,107.551085,159.83,16,2022-05-11 12:00:00,69.000000,68.896500,-57.45,sell_stoploss
DOGE/USDT,2021-12-04 05:00:00,0.161400,0.161642,160.00,6,2022-05-11 19:00:00,0.083800,0.083674,-77.18,sell_stoploss
AAVE/USDT,2021-12-06 13:00:00,171.100000,171.356650,160.00,7,2022-05-11 12:00:00,83.800000,83.674300,-81.87,sell_stoploss
BCH/USDT,2021-12-10 13:00:00,466.200000,466.899300,160.00,11,2022-01-24 10:00:00,267.600000,267.198600,-68.43,sell_stoploss
XLM/USDT,2022-01-21 01:00:00,0.222500,0.222834,180.92,7,2022-05-11 12:00:00,0.127600,0.127409,-77.48,sell_stoploss
MKR/USDT,2022-01-21 01:00:00,1855.000000,1857.782500,160.00,8,2022-05-09 15:00:00,1090.000000,1088.365000,-66.27,sell_stoploss
LINK/USDT,2022-02-22 03:00:00,13.200000,13.219800,180.00,13,2022-05-09 23:00:00,8.100000,8.087850,-69.88,sell_stoploss
FTM/USDT,2022-03-11 02:00:00,1.150400,1.152126,140.00,6,2022-05-04 22:00:00,0.862300,0.861007,-35.38,sell_resistance
UNI/USDT,2022-04-29 19:00:00,7.580000,7.591370,180.00,6,2022-05-11 12:00:00,5.020000,5.012470,-61.15,sell_stoploss
QNT/USDT,2022-05-08 17:00:00,83.400000,83.525100,200.00,16,2022-10-08 20:00:00,152.800000,152.570800,165.33,sell_resistance
MATIC/USDT,2022-06-06 00:00:00,0.612000,0.612918,180.00,7,2022-06-14 01:00:00,0.400000,0.399400,-62.71,sell_stoploss
XMR/USDT,2022-06-13 22:00:00,130.800000,130.996200,160.00,11,2022-06-21 06:00:00,121.800000,121.617300,-11.46,sell_resistance
XMR/USDT,2022-06-30 09:00:00,110.000000,110.165000,179.79,5,2022-07-04 11:00:00,120.800000,120.618800,17.06,sell_resistance
XMR/USDT,2022-07-08 23:00:00,125.300000,125.487950,160.09,5,2023-01-09 03:00:00,160.000000,159.760000,43.72,sell_resistance
UNI/USDT,2022-08-18 23:00:00,7.580000,7.591370,159.02,6,2023-12-28 06:00:00,7.792000,7.780312,3.96,sell_resistance
ADA/USDT,2022-10-10 21:00:00,0.410800,0.411416,187.80,17,2023-04-13 16:00:00,0.413400,0.412780,0.62,sell_resistance
ICP/USDT,2022-11-08 18:00:00,4.525000,4.531788,180.00,13,2022-11-09 21:00:00,3.664000,3.658504,-34.69,sell_stoploss
AVAX/USDT,2022-11-09 15:00:00,13.880000,13.900820,180.00,6,2023-11-16 03:00:00,22.440000,22.406340,110.14,sell_resistance
BAT/USDT,2022-11-13 21:00:00,0.222100,0.222433,180.67,13,2023-11-08 07:00:00,0.226400,0.226060,2.95,sell_resistance
NEAR/USDT,2022-11-20 21:00:00,1.564000,1.566346,180.00,17,2022-11-21 17:00:00,1.495000,1.492758,-8.46,sell_stoploss
NEAR/USDT,2022-11-21 20:00:00,1.539000,1.541308,179.85,17,2022-11-22 09:00:00,1.505000,1.502742,-4.50,sell_stoploss
NEAR/USDT,2022-11-28 16:00:00,1.566000,1.568349,179.77,17,2023-12-06 08:00:00,2.372000,2.368442,91.71,sell_resistance
ICP/USDT,2022-12-05 08:00:00,4.542000,4.548813,179.38,13,2023-12-18 02:00:00,9.728000,9.713408,203.66,sell_resistance
XTZ/USDT,2022-12-12 02:00:00,0.964000,0.965446,180.00,8,2024-11-24 10:00:00,1.581000,1.578628,114.32,sell_resistance
ALGO/USDT,2022-12-16 22:00:00,0.187000,0.187281,182.97,6,2022-12-19 22:00:00,0.173500,0.173240,-13.72,sell_stoploss
LDO/USDT,2022-12-22 14:00:00,0.888000,0.889332,200.00,17,2024-01-09 09:00:00,3.276000,3.271086,535.63,sell_resistance
XLM/USDT,2022-12-28 05:00:00,0.071900,0.072008,179.53,9,2023-07-19 03:00:00,0.139900,0.139690,168.74,sell_resistance
XMR/USDT,2023-02-23 20:00:00,151.400000,151.627100,140.69,11,2023-05-28 12:00:00,153.700000,153.469450,1.71,sell_resistance
ALGO/USDT,2023-03-09 20:00:00,0.187500,0.187781,182.72,6,2023-06-10 04:00:00,0.101500,0.101348,-84.10,sell_stoploss
LTC/USDT,2023-04-19 23:00:00,90.470000,90.605705,79.46,6,2023-06-21 05:00:00,84.330000,84.203505,-5.61,sell_resistance
ADA/USDT,2023-04-20 16:00:00,0.398400,0.398998,146.08,17,2023-11-06 20:00:00,0.374400,0.373838,-9.21,sell_resistance
SHIB/USDT,2023-05-06 12:00:00,0.000010,0.000010,160.00,6,2024-03-01 20:00:00,0.000016,0.000016,98.22,sell_resistance
XMR/USDT,2023-05-31 12:00:00,149.400000,149.624100,100.51,11,2023-06-23 11:00:00,152.800000,152.570800,1.98,sell_resistance
MATIC/USDT,2023-06-09 17:00:00,0.749900,0.751025,119.25,7,2023-09-19 09:00:00,0.541800,0.540987,-33.35,sell_resistance
ETC/USDT,2023-06-10 03:00:00,16.420000,16.444630,160.00,7,2024-11-09 05:00:00,20.950000,20.918575,43.53,sell_resistance
XMR/USDT,2023-08-17 14:00:00,151.500000,151.727250,100.53,11,2023-10-07 20:00:00,154.800000,154.567800,1.88,sell_resistance
MANA/USDT,2023-08-18 00:00:00,0.302900,0.303354,180.00,7,2024-12-04 12:00:00,0.816100,0.814876,303.52,sell_resistance
ALGO/USDT,2023-08-19 17:00:00,0.096500,0.096645,181.21,9,2024-11-08 21:00:00,0.130500,0.130304,63.11,sell_resistance
GALA/USDT,2023-09-03 05:00:00,0.018310,0.018337,180.00,7,2025-05-10 00:00:00,0.019490,0.019461,11.03,sell_resistance
CRV/USDT,2023-09-11 19:00:00,0.402800,0.403404,180.00,14,2024-06-13 02:00:00,0.246300,0.245931,-70.27,sell_stoploss
MATIC/USDT,2023-09-21 10:00:00,0.525800,0.526589,178.27,12,2023-09-30 15:00:00,0.534700,0.533898,2.47,sell_resistance
MATIC/USDT,2023-10-09 09:00:00,0.538700,0.539508,178.32,12,2023-10-20 10:00:00,0.539700,0.538890,-0.20,sell_resistance
XMR/USDT,2023-10-19 02:00:00,147.800000,148.021700,100.55,11,2023-10-22 00:00:00,158.300000,158.062550,6.82,sell_resistance
LINK/USDT,2023-11-17 14:00:00,13.283000,13.302924,79.44,13,2024-11-08 00:00:00,12.720000,12.700920,-3.59,sell_resistance
MKR/USDT,2023-12-03 12:00:00,1506.000000,1508.259000,59.60,14,2023-12-28 13:00:00,1634.000000,1631.549000,4.87,sell_resistance
BAT/USDT,2023-12-18 09:00:00,0.222800,0.223134,120.48,13,2024-01-26 16:00:00,0.224600,0.224263,0.61,sell_resistance
XMR/USDT,2024-01-08 02:00:00,146.400000,146.619600,120.74,5,2024-01-29 12:00:00,164.300000,164.053550,14.36,sell_resistance
BAT/USDT,2024-01-31 00:00:00,0.222400,0.222734,120.49,13,2024-02-09 00:00:00,0.225400,0.225062,1.26,sell_resistance
XMR/USDT,2024-02-06 07:00:00,147.900000,148.121850,120.91,11,2024-02-20 02:00:00,118.700000,,-24.16,end_of_data
DOGE/USDT,2024-03-19 04:00:00,0.133110,0.133310,99.23,21,2024-03-21 15:00:00,0.156930,0.156695,17.41,sell_resistance
LTC/USDT,2024-04-12 17:00:00,89.680000,89.814520,99.27,6,2024-05-20 16:00:00,83.940000,83.814090,-6.63,sell_resistance
MATIC/USDT,2024-04-12 18:00:00,0.741100,0.742212,118.87,7,2024-07-13 07:00:00,0.516300,0.515526,-36.31,sell_resistance
UNI/USDT,2024-04-12 18:00:00,7.570000,7.581355,139.20,6,2024-05-18 12:00:00,7.656000,7.644516,1.16,sell_resistance
DOGE/USDT,2024-04-13 17:00:00,0.159840,0.160080,79.52,6,2024-05-04 10:00:00,0.157120,0.156884,-1.59,sell_resistance
ADA/USDT,2024-04-13 20:00:00,0.412900,0.413519,145.95,17,2024-07-02 11:00:00,0.415600,0.414977,0.51,sell_resistance
DOT/USDT,2024-04-13 20:00:00,5.914000,5.922871,140.00,14,2025-05-10 23:00:00,5.309000,5.301037,-14.70,sell_resistance
BAT/USDT,2024-04-13 20:00:00,0.219700,0.220030,140.59,13,2024-06-12 14:00:00,0.227400,0.227059,4.49,sell_resistance
BCH/USDT,2024-04-13 21:00:00,471.100000,471.806650,79.45,11,2024-12-02 08:00:00,507.100000,506.339350,5.82,sell_resistance
EOS/USDT,2024-06-06 05:00:00,0.791300,0.792487,120.00,9,2024-11-10 15:00:00,0.609700,0.608785,-27.82,sell_resistance
FTM/USDT,2024-06-07 17:00:00,0.773100,0.774260,99.65,7,2024-10-15 08:00:00,0.773300,0.772140,-0.27,sell_resistance
QNT/USDT,2024-06-08 22:00:00,82.700000,82.824050,162.65,16,2024-12-01 15:00:00,107.500000,107.338750,48.14,sell_resistance
DOGE/USDT,2024-06-14 18:00:00,0.132560,0.132759,119.26,21,2024-10-28 19:00:00,0.158370,0.158132,22.79,sell_resistance
ENJ/USDT,2024-06-14 18:00:00,0.208100,0.208412,180.00,12,2025-04-07 06:00:00,0.060000,0.059910,-128.26,sell_stoploss
ZIL/USDT,2024-06-17 03:00:00,0.019010,0.019039,159.00,7,2024-11-23 14:00:00,0.024580,0.024543,45.97,sell_resistance
BAT/USDT,2024-06-18 00:00:00,0.195500,0.195793,140.65,6,2024-11-18 17:00:00,0.227100,0.226759,22.24,sell_resistance
SNX/USDT,2024-06-18 20:00:00,1.885000,1.887828,160.00,7,2024-08-05 12:00:00,1.107000,1.105340,-66.32,sell_stoploss
FIL/USDT,2024-06-20 11:00:00,4.562000,4.568843,160.00,7,2025-07-20 00:00:00,2.782000,2.777827,-62.72,sell_resistance
UNI/USDT,2024-07-04 23:00:00,7.628000,7.639442,139.22,6,2024-09-27 16:00:00,7.695000,7.683458,0.80,sell_resistance
DYDX/USDT,2024-07-05 02:00:00,1.029000,1.030544,180.00,9,2025-10-10 21:00:00,0.325300,0.324812,-123.27,sell_stoploss
ADA/USDT,2024-07-23 16:00:00,0.404300,0.404906,145.95,17,2024-08-21 19:00:00,0.376600,0.376035,-10.41,sell_resistance
MATIC/USDT,2024-08-04 14:00:00,0.434900,0.435552,177.66,5,2024-08-20 00:00:00,0.433200,0.432550,-1.22,sell_resistance
MKR/USDT,2024-08-05 06:00:00,1831.000000,1833.746500,139.14,8,2024-11-24 12:00:00,1684.000000,1681.474000,-11.55,sell_resistance
AXS/USDT,2024-08-05 06:00:00,4.105000,4.111158,180.00,12,2025-07-20 00:00:00,2.705000,2.700943,-61.74,sell_resistance
MATIC/USDT,2024-08-27 21:00:00,0.476700,0.477415,157.90,5,2024-09-10 02:00:00,0.379400,,-32.61,end_of_data
ATOM/USDT,2024-09-03 15:00:00,4.279000,4.285419,187.31,8,2025-05-10 00:00:00,4.892000,4.884662,26.19,sell_resistance
FTM/USDT,2024-11-03 16:00:00,0.576300,0.577164,119.57,8,2024-11-06 21:00:00,0.686200,0.685171,22.38,sell_resistance
MKR/USDT,2024-12-09 20:00:00,1932.000000,1934.898000,138.98,8,2025-02-25 20:00:00,1627.000000,1624.559500,-22.29,sell_resistance
FTM/USDT,2024-12-18 20:00:00,1.159600,1.161339,59.92,6,2025-01-01 12:00:00,0.743400,0.742285,-21.62,sell_resistance
BCH/USDT,2024-12-19 02:00:00,476.300000,477.014450,99.37,11,2025-06-19 17:00:00,493.200000,492.460200,3.22,sell_resistance
BAT/USDT,2024-12-19 19:00:00,0.222600,0.222934,120.82,13,2025-01-30 14:00:00,0.226100,0.225761,1.53,sell_resistance
EOS/USDT,2024-12-20 08:00:00,0.768700,0.769853,139.61,9,2025-01-02 09:00:00,0.831600,0.830353,10.97,sell_resistance
LTC/USDT,2024-12-20 10:00:00,90.790000,90.926185,119.04,6,2025-01-17 03:00:00,133.860000,133.659210,55.95,sell_resistance
FTM/USDT,2025-01-06 09:00:00,0.771800,0.772958,119.58,7,2025-01-10 10:00:00,0.736100,0.734996,-5.87,sell_resistance
EOS/USDT,2025-01-08 17:00:00,0.776900,0.778065,139.76,9,2025-01-15 15:00:00,0.842900,0.841636,11.42,sell_resistance
EOS/USDT,2025-01-23 02:00:00,0.788500,0.789683,119.93,9,2025-04-01 04:00:00,0.676400,0.675385,-17.36,sell_resistance
ETH/USDT,2025-02-02 16:00:00,3015.900000,3020.423850,100.00,49,2025-02-23 07:00:00,2825.200000,2820.962200,-6.60,sell_resistance
BAT/USDT,2025-02-03 00:00:00,0.178500,0.178768,140.98,11,2025-07-14 04:00:00,0.157000,0.156765,-17.35,sell_resistance
ARB/USDT,2025-02-04 05:00:00,0.468300,0.469002,180.00,7,2025-05-10 21:00:00,0.458400,0.457712,-4.33,sell_resistance
ADA/USDT,2025-02-04 14:00:00,0.771100,0.772257,104.15,6,2025-07-18 00:00:00,0.856100,0.854816,11.13,sell_resistance
GRT/USDT,2025-02-06 15:00:00,0.130600,0.130796,180.00,7,2025-03-11 00:00:00,0.081700,0.081577,-67.73,sell_stoploss
MANA/USDT,2025-02-06 15:00:00,0.310000,0.310465,164.86,7,2025-05-10 00:00:00,0.350800,0.350274,21.14,sell_resistance
DOGE/USDT,2025-02-07 13:00:00,0.258460,0.258848,119.54,7,2025-04-22 13:00:00,0.169270,0.169016,-41.48,sell_resistance
SNX/USDT,2025-02-09 21:00:00,0.929000,0.930394,178.81,6,2025-04-07 06:00:00,0.554000,0.553169,-72.50,sell_stoploss
BTC/USDT,2025-02-18 16:00:00,94639.980000,94781.939970,61.32,5,2025-04-21 14:00:00,88208.370000,88076.057445,-4.34,sell_resistance
SOL/USDT,2025-02-24 00:00:00,166.620000,166.869930,120.00,6,2025-03-24 10:00:00,141.800000,141.587300,-18.18,sell_resistance
AAVE/USDT,2025-02-24 19:00:00,224.420000,224.756630,119.02,5,2025-03-19 11:00:00,180.670000,180.398995,-23.49,sell_resistance
LINK/USDT,2025-02-24 22:00:00,15.190000,15.212785,138.97,6,2025-04-09 20:00:00,12.750000,12.730875,-22.67,sell_resistance
UNI/USDT,2025-02-28 01:00:00,7.525000,7.536288,159.12,6,2025-04-22 20:00:00,5.628000,5.619558,-40.47,sell_resistance
XRP/USDT,2025-02-28 03:00:00,2.020900,2.023931,100.00,10,2025-04-22 21:00:00,2.238700,2.235342,10.45,sell_resistance
ETH/USDT,2025-03-01 13:00:00,2152.690000,2155.919035,159.89,16,2025-06-10 22:00:00,2803.620000,2799.414570,47.73,sell_resistance
ICP/USDT,2025-03-04 01:00:00,5.917000,5.925876,183.04,9,2025-03-24 16:00:00,6.031000,6.021954,2.97,sell_resistance
CRV/USDT,2025-03-04 01:00:00,0.392600,0.393189,158.88,22,2025-03-26 05:00:00,0.538600,0.537792,58.43,sell_resistance
QNT/USDT,2025-03-07 09:00:00,81.600000,81.722400,142.99,6,2025-03-24 08:00:00,80.000000,79.880000,-3.22,sell_resistance
THETA/USDT,2025-03-09 00:00:00,1.006000,1.007509,180.00,7,2025-10-10 22:00:00,0.434000,0.433349,-102.58,sell_stoploss
LTC/USDT,2025-03-10 17:00:00,88.540000,88.672810,119.71,6,2025-04-12 14:00:00,78.720000,78.601920,-13.60,sell_resistance
XLM/USDT,2025-03-10 17:00:00,0.247800,0.248172,141.99,16,2025-03-26 04:00:00,0.296200,0.295756,27.23,sell_resistance
LDO/USDT,2025-03-10 17:00:00,0.916000,0.917374,189.64,7,2025-04-07 06:00:00,0.630000,0.629055,-59.60,sell_stoploss
ALGO/USDT,2025-03-10 18:00:00,0.181700,0.181973,162.08,6,2025-07-09 15:00:00,0.188900,0.188617,5.92,sell_resistance
XTZ/USDT,2025-03-11 00:00:00,0.622000,0.622933,161.83,14,2025-05-08 16:00:00,0.582000,0.581127,-10.86,sell_resistance
ICP/USDT,2025-03-28 04:00:00,5.879000,5.887818,183.09,9,2025-05-12 08:00:00,6.037000,6.027945,4.36,sell_resistance
QNT/USDT,2025-03-28 04:00:00,73.900000,74.010850,142.94,10,2025-05-01 19:00:00,80.500000,80.379250,12.30,sell_resistance
SOL/USDT,2025-03-29 11:00:00,125.300000,125.487950,159.71,13,2025-04-12 09:00:00,124.650000,124.463025,-1.30,sell_resistance
XLM/USDT,2025-04-06 03:00:00,0.251800,0.252178,142.38,16,2025-04-09 17:00:00,0.243900,0.243534,-4.88,sell_resistance
ETC/USDT,2025-04-06 05:00:00,15.940000,15.963910,180.78,7,2025-05-10 23:00:00,20.700000,20.668950,53.28,sell_resistance
APT/USDT,2025-04-06 13:00:00,4.643000,4.649965,180.00,10,2025-12-20 09:00:00,1.691000,1.688464,-114.64,sell_resistance
NEAR/USDT,2025-04-06 18:00:00,2.170000,2.173255,181.42,5,2025-04-22 21:00:00,2.390000,2.386415,17.79,sell_resistance
CRV/USDT,2025-04-07 06:00:00,0.400500,0.401101,159.81,14,2025-05-10 00:00:00,0.764400,0.763253,144.29,sell_resistance
CHZ/USDT,2025-04-16 17:00:00,0.034700,0.034752,180.00,11,2025-05-10 02:00:00,0.046350,0.046280,59.71,sell_resistance
UNI/USDT,2025-05-04 23:00:00,4.985000,4.992478,178.28,9,2025-05-08 15:00:00,5.546000,5.537681,19.47,sell_resistance
DOGE/USDT,2025-05-06 08:00:00,0.168360,0.168613,138.88,5,2025-05-09 07:00:00,0.205840,0.205531,30.41,sell_resistance
ICP/USDT,2025-05-12 14:00:00,5.857000,5.865786,162.82,9,2025-06-09 10:00:00,5.979000,5.970032,2.89,sell_resistance
EOS/USDT,2025-05-15 07:00:00,0.764800,0.765947,139.68,12,2025-05-16 05:00:00,0.830500,0.829254,11.54,sell_resistance
UNI/USDT,2025-05-17 00:00:00,5.964000,5.972946,158.78,22,2025-05-29 03:00:00,7.495000,7.483758,40.16,sell_resistance
MKR/USDT,2025-05-17 01:00:00,1750.000000,1752.625000,118.86,7,2025-05-29 02:00:00,1765.000000,1762.352500,0.66,sell_resistance
EOS/USDT,2025-05-21 09:00:00,0.746400,0.747520,139.84,12,2025-05-23 06:00:00,0.814600,0.813378,12.32,sell_resistance
SOL/USDT,2025-05-30 16:00:00,157.860000,158.096790,139.73,8,2025-06-30 12:00:00,149.920000,149.695120,-7.43,sell_resistance
MKR/USDT,2025-05-30 16:00:00,1542.000000,1544.313000,138.68,14,2025-06-03 01:00:00,1776.000000,1773.336000,20.57,sell_resistance
CHZ/USDT,2025-05-31 00:00:00,0.037440,0.037496,181.07,10,2025-07-09 08:00:00,0.036580,0.036525,-4.69,sell_resistance
UNI/USDT,2025-05-31 01:00:00,5.944000,5.952916,159.42,22,2025-06-10 09:00:00,7.276000,7.265086,35.14,sell_resistance
LINK/USDT,2025-06-05 16:00:00,13.510000,13.530265,138.65,13,2025-06-10 11:00:00,15.170000,15.147245,16.57,sell_resistance
AVAX/USDT,2025-06-05 19:00:00,19.280000,19.308920,161.76,5,2025-07-10 22:00:00,20.710000,20.678935,11.48,sell_resistance
LTC/USDT,2025-06-05 20:00:00,82.200000,82.323300,119.55,14,2025-06-29 22:00:00,88.190000,88.057715,8.33,sell_resistance
ICP/USDT,2025-06-12 10:00:00,5.905000,5.913858,162.87,9,2025-07-09 19:00:00,5.114000,5.106329,-22.24,sell_resistance
LINK/USDT,2025-06-13 00:00:00,13.230000,13.249845,138.89,6,2025-06-23 22:00:00,12.850000,12.830725,-4.39,sell_resistance
XLM/USDT,2025-06-13 01:00:00,0.256700,0.257085,142.31,16,2025-06-23 22:00:00,0.245200,0.244832,-6.78,sell_resistance
XRP/USDT,2025-06-13 02:00:00,2.101800,2.104953,100.10,8,2025-06-16 12:00:00,2.248000,2.244628,6.64,sell_resistance
ETC/USDT,2025-06-13 02:00:00,16.130000,16.154195,161.55,8,2025-07-18 00:00:00,20.690000,20.658965,45.05,sell_resistance
SNX/USDT,2025-06-21 10:00:00,0.558000,0.558837,177.50,10,2025-07-11 04:00:00,0.670000,0.668995,34.99,sell_resistance
QNT/USDT,2025-06-21 16:00:00,93.670000,93.810505,122.67,5,2025-06-28 11:00:00,106.650000,106.490025,16.58,sell_resistance
XTZ/USDT,2025-06-21 17:00:00,0.508200,0.508962,181.86,8,2025-07-10 17:00:00,0.577700,0.576833,24.25,sell_resistance
DOGE/USDT,2025-06-21 18:00:00,0.157680,0.157917,159.21,6,2025-07-16 14:00:00,0.203690,0.203384,45.84,sell_resistance
SHIB/USDT,2025-06-21 19:00:00,0.000011,0.000011,181.77,12,2025-07-18 01:00:00,0.000015,0.000015,66.21,sell_resistance
DOT/USDT,2025-06-21 21:00:00,3.274000,3.278911,179.74,10,2025-07-19 03:00:00,4.296000,4.289556,55.40,sell_resistance
MKR/USDT,2025-06-21 21:00:00,1754.000000,1756.631000,119.11,7,2025-07-18 05:00:00,2024.300000,2021.263550,17.94,sell_resistance
XRP/USDT,2025-06-22 00:00:00,2.082200,2.085323,100.17,8,2025-06-30 17:00:00,2.213300,2.209980,5.99,sell_resistance
ENJ/USDT,2025-06-22 01:00:00,0.060300,0.060390,177.69,10,2025-10-10 21:00:00,0.039300,0.039241,-62.23,sell_stoploss
BTC/USDT,2025-06-22 13:00:00,100865.660000,101016.958490,61.30,5,2025-06-25 16:00:00,107139.810000,106979.100285,3.62,sell_resistance
NEAR/USDT,2025-06-22 13:00:00,1.851000,1.853777,181.74,9,2025-07-09 19:00:00,2.331000,2.327504,46.44,sell_resistance
AAVE/USDT,2025-06-22 13:00:00,223.580000,223.915370,118.74,5,2025-11-24 18:00:00,177.000000,176.734500,-25.02,sell_resistance
GALA/USDT,2025-06-22 16:00:00,0.011990,0.012008,180.20,19,2025-07-19 03:00:00,0.019070,0.019041,105.55,sell_resistance
EGLD/USDT,2025-06-22 17:00:00,11.890000,11.907835,180.00,7,2025-10-10 21:00:00,9.010000,8.996485,-44.01,sell_stoploss
XLM/USDT,2025-07-01 16:00:00,0.229100,0.229444,142.21,9,2025-07-02 16:00:00,0.238300,0.237943,5.27,sell_resistance
LINK/USDT,2025-07-04 16:00:00,13.050000,13.069575,138.82,6,2025-07-10 04:00:00,14.340000,14.318490,13.27,sell_resistance
ICP/USDT,2025-07-17 09:00:00,5.708000,5.716562,162.51,9,2025-07-21 02:00:00,6.003000,5.993996,7.89,sell_resistance
ICP/USDT,2025-07-22 04:00:00,5.816000,5.824724,162.64,9,2025-07-22 10:00:00,5.962000,5.953057,3.58,sell_resistance
ICP/USDT,2025-07-22 13:00:00,5.892000,5.900838,162.69,9,2025-07-22 14:00:00,6.018000,6.008973,2.98,sell_resistance
ICP/USDT,2025-07-23 12:00:00,5.804000,5.812706,162.74,9,2025-08-13 21:00:00,5.979000,5.970032,4.40,sell_resistance
MKR/USDT,2025-08-01 15:00:00,1882.100000,1884.923150,99.44,8,2025-08-09 04:00:00,2042.100000,2039.036850,8.13,sell_resistance
SNX/USDT,2025-08-02 15:00:00,0.554000,0.554831,178.13,8,2025-08-09 12:00:00,0.669000,0.667997,36.33,sell_resistance
SOL/USDT,2025-08-02 19:00:00,157.440000,157.676160,139.62,8,2025-12-17 14:00:00,132.620000,132.421070,-22.36,sell_resistance
ICP/USDT,2025-08-14 10:00:00,5.855000,5.863783,162.81,9,2025-10-10 21:00:00,2.987000,2.982520,-80.00,sell_stoploss
MKR/USDT,2025-08-15 12:00:00,1854.100000,1856.881150,79.62,8,2025-08-26 14:00:00,1565.600000,1563.251600,-12.59,sell_resistance
CHZ/USDT,2025-08-25 20:00:00,0.037790,0.037847,180.99,10,2025-11-07 01:00:00,0.030840,0.030794,-33.73,sell_resistance
MKR/USDT,2025-08-28 13:00:00,1520.000000,1522.280000,119.27,14,2025-08-31 01:00:00,1576.200000,1573.835700,4.04,sell_resistance
TRX/USDT,2025-09-06 20:00:00,0.322100,0.322583,101.88,7,2025-11-07 17:00:00,0.290300,0.289865,-10.33,sell_resistance
KAVA/USDT,2025-09-15 15:00:00,0.344400,0.344917,160.00,7,2025-10-10 21:00:00,0.172200,0.171942,-80.24,sell_stoploss
QNT/USDT,2025-09-22 06:00:00,92.080000,92.218120,143.35,5,2025-11-06 04:00:00,86.650000,86.520025,-8.86,sell_resistance
UNI/USDT,2025-09-26 06:00:00,7.442000,7.453163,159.99,6,2025-11-07 17:00:00,5.870000,5.861195,-34.17,sell_resistance
FIL/USDT,2025-10-10 03:00:00,2.337000,2.340506,178.87,6,2025-10-10 21:00:00,1.561000,1.558658,-59.75,sell_stoploss
ZIL/USDT,2025-10-10 03:00:00,0.010810,0.010826,179.70,12,2025-10-10 21:00:00,0.007300,0.007289,-58.71,sell_stoploss
ALGO/USDT,2025-10-10 06:00:00,0.220800,0.221131,141.91,7,2025-12-25 06:00:00,0.115900,0.115726,-67.64,sell_resistance
SHIB/USDT,2025-10-10 14:00:00,0.000012,0.000012,162.63,6,2025-11-28 08:00:00,0.000009,0.000009,-40.55,sell_resistance
ATOM/USDT,2025-10-10 14:00:00,4.093000,4.099140,166.92,9,2025-12-28 04:00:00,2.086000,2.082871,-82.10,sell_resistance
XRP/USDT,2025-10-10 15:00:00,2.741700,2.745813,80.18,6,2025-10-25 08:00:00,2.544900,2.541083,-5.98,sell_resistance
VET/USDT,2025-10-10 15:00:00,0.021470,0.021502,185.76,6,2025-12-27 17:00:00,0.011030,0.011013,-90.61,sell_resistance
AXS/USDT,2025-10-10 15:00:00,2.100000,2.103150,178.89,6,2025-10-10 21:00:00,1.478000,1.475783,-53.36,sell_stoploss
ADA/USDT,2025-10-10 19:00:00,0.767400,0.768551,125.11,6,2025-12-09 12:00:00,0.447900,0.447228,-52.31,sell_resistance
GALA/USDT,2025-10-10 19:00:00,0.014420,0.014442,182.10,6,2025-10-10 21:00:00,0.009300,0.009286,-65.01,sell_stoploss
DOT/USDT,2025-10-10 20:00:00,3.702000,3.707553,160.65,7,2025-12-27 17:00:00,1.818000,1.815273,-81.99,sell_resistance
BCH/USDT,2025-10-10 20:00:00,535.800000,536.603700,79.52,5,2025-10-26 09:00:00,523.900000,523.114150,-2.00,sell_resistance
ETC/USDT,2025-10-10 20:00:00,17.250000,17.275875,162.27,10,2025-12-27 23:00:00,12.230000,12.211655,-47.57,sell_resistance
OP/USDT,2025-10-10 20:00:00,0.619800,0.620730,180.00,6,2025-12-09 16:00:00,0.345400,0.344882,-79.99,sell_resistance
XTZ/USDT,2025-10-10 20:00:00,0.612200,0.613118,162.04,14,2025-11-06 15:00:00,0.618100,0.617173,1.07,sell_resistance
CRV/USDT,2025-10-10 20:00:00,0.631600,0.632547,121.59,6,2025-12-09 15:00:00,0.408300,0.407688,-43.22,sell_resistance
MANA/USDT,2025-10-10 21:00:00,0.212800,0.213119,185.84,14,2025-12-31 11:00:00,0.128100,0.127908,-74.31,sell_resistance
ICP/USDT,2025-10-10 22:00:00,2.851000,2.855276,201.92,10,2025-10-10 23:00:00,3.039000,3.034442,12.67,sell_stoploss
ARB/USDT,2025-10-10 23:00:00,0.296200,0.296644,179.92,6,2025-12-09 16:00:00,0.229000,0.228657,-41.24,sell_resistance
AVAX/USDT,2025-10-11 00:00:00,21.230000,21.261845,161.95,6,2025-12-19 16:00:00,12.300000,12.281550,-68.40,sell_resistance
ICP/USDT,2025-10-12 14:00:00,3.311000,3.315967,181.95,13,2025-11-01 09:00:00,3.290000,3.285065,-1.70,sell_resistance
LTC/USDT,2025-10-17 06:00:00,88.580000,88.712870,119.65,6,2025-10-27 15:00:00,102.040000,101.886940,17.77,sell_resistance
NEAR/USDT,2025-10-17 06:00:00,2.148000,2.151222,162.29,5,2025-11-07 09:00:00,2.312000,2.308532,11.87,sell_resistance
BAT/USDT,2025-10-26 01:00:00,0.163000,0.163245,140.74,16,2025-11-01 16:00:00,0.193800,0.193509,26.09,sell_resistance
GALA/USDT,2025-10-30 12:00:00,0.010230,0.010245,160.83,5,2025-12-27 23:00:00,0.006270,0.006261,-62.55,sell_resistance
KAVA/USDT,2025-10-30 13:00:00,0.129400,0.129594,158.72,5,2025-11-07 07:00:00,0.117200,0.117024,-15.39,sell_resistance
ENJ/USDT,2025-10-30 14:00:00,0.040830,0.040891,176.57,5,2025-11-07 20:00:00,0.047050,0.046979,26.29,sell_resistance
SAND/USDT,2025-10-30 19:00:00,0.190400,0.190686,160.00,5,2025-12-27 23:00:00,0.115900,0.115726,-62.90,sell_resistance
ICP/USDT,2025-11-01 10:00:00,3.403000,3.408105,161.71,13,2025-11-04 04:00:00,5.200000,5.192200,84.65,sell_resistance
BCH/USDT,2025-11-03 13:00:00,520.700000,521.481050,79.51,13,2025-11-18 19:00:00,530.200000,529.404700,1.21,sell_resistance
XLM/USDT,2025-11-03 14:00:00,0.293500,0.293940,121.96,5,2025-11-23 13:00:00,0.242300,0.241937,-21.58,sell_resistance
DOGE/USDT,2025-11-03 15:00:00,0.167010,0.167261,159.94,5,2025-12-19 19:00:00,0.132880,0.132681,-33.07,sell_resistance
BTC/USDT,2025-11-04 16:00:00,102257.700000,102411.086550,102.19,5,2025-11-26 18:00:00,90145.690000,90010.471465,-12.37,sell_resistance
ETH/USDT,2025-11-04 17:00:00,3373.330000,3378.389995,100.41,5,2025-11-27 01:00:00,3052.600000,3048.021100,-9.82,sell_resistance
ICP/USDT,2025-11-06 00:00:00,5.860000,5.868790,142.68,9,2025-11-06 04:00:00,6.016000,6.006976,3.36,sell_resistance
BAT/USDT,2025-11-13 18:00:00,0.180600,0.180871,141.10,6,2025-11-26 20:00:00,0.222600,0.222266,32.29,sell_resistance
TRX/USDT,2025-11-13 19:00:00,0.291600,0.292037,122.14,19,2025-11-27 15:00:00,0.278400,0.277982,-5.88,sell_resistance
ICP/USDT,2025-11-13 19:00:00,5.781000,5.789671,142.73,9,2025-12-20 20:00:00,3.121000,3.116319,-65.90,sell_resistance
XRP/USDT,2025-11-19 16:00:00,2.079900,2.083020,100.17,8,2025-11-24 17:00:00,2.206300,2.202991,5.77,sell_resistance
LINK/USDT,2025-11-20 18:00:00,12.890000,12.909335,139.01,7,2025-11-24 17:00:00,13.130000,13.110305,2.16,sell_resistance
BNB/USDT,2025-11-21 02:00:00,858.150000,859.437225,120.00,9,2025-11-24 20:00:00,873.360000,872.049960,1.76,sell_resistance
LTC/USDT,2025-11-21 07:00:00,84.620000,84.746930,119.86,14,2025-12-02 15:00:00,82.460000,82.336310,-3.41,sell_resistance
SNX/USDT,2025-11-21 07:00:00,0.606000,0.606909,178.79,6,2025-12-09 16:00:00,0.525000,0.524213,-24.36,sell_resistance
ENJ/USDT,2025-11-21 07:00:00,0.032770,0.032819,177.04,11,2025-12-09 04:00:00,0.034000,0.033949,6.10,sell_resistance
QNT/USDT,2025-11-21 09:00:00,72.590000,72.698885,163.68,10,2025-11-25 12:00:00,84.490000,84.363265,26.26,sell_resistance
XTZ/USDT,2025-11-21 09:00:00,0.489300,0.490034,182.32,13,2025-12-02 15:00:00,0.491400,0.490663,0.23,sell_resistance
LDO/USDT,2025-11-21 12:00:00,0.619700,0.620630,167.62,14,2025-12-19 19:00:00,0.558600,0.557762,-16.98,sell_resistance
DYDX/USDT,2025-11-21 12:00:00,0.245200,0.245568,177.78,5,2025-12-25 15:00:00,0.170600,0.170344,-54.46,sell_resistance
BCH/USDT,2025-11-25 07:00:00,526.700000,527.490050,79.52,13,2025-11-30 13:00:00,558.400000,557.562400,4.53,sell_resistance
UNI/USDT,2025-11-25 15:00:00,5.924000,5.932886,159.44,22,2025-12-02 15:00:00,5.985000,5.976023,1.16,sell_resistance
EGLD/USDT,2025-11-30 01:00:00,7.120000,7.130680,179.21,6,2025-12-05 10:00:00,8.210000,8.197685,26.82,sell_resistance
ZIL/USDT,2025-11-30 11:00:00,0.005670,0.005679,178.65,5,2025-12-25 03:00:00,0.004660,0.004653,-32.26,sell_resistance
BTC/USDT,2025-12-01 00:00:00,87000.000000,87130.500000,142.90,9,2025-12-02 14:00:00,89271.990000,89138.082015,3.29,sell_resistance
BNB/USDT,2025-12-01 00:00:00,834.500000,835.751750,120.02,21,2025-12-02 15:00:00,871.400000,870.092900,4.93,sell_resistance
XRP/USDT,2025-12-01 00:00:00,2.057600,2.060686,120.27,8,2025-12-20 09:00:00,1.949200,1.946276,-6.68,sell_resistance
LINK/USDT,2025-12-01 00:00:00,12.260000,12.278390,158.90,15,2025-12-02 14:00:00,12.710000,12.690935,5.34,sell_resistance
TRX/USDT,2025-12-01 00:00:00,0.277300,0.277716,122.07,32,2025-12-02 15:00:00,0.282300,0.281877,1.83,sell_resistance
SHIB/USDT,2025-12-01 00:00:00,0.000008,0.000008,182.23,5,2025-12-02 15:00:00,0.000009,0.000009,12.22,sell_resistance
NEAR/USDT,2025-12-01 00:00:00,1.701000,1.703552,182.79,5,2025-12-18 16:00:00,1.593000,1.590611,-12.12,sell_resistance
AAVE/USDT,2025-12-01 00:00:00,169.060000,169.313590,138.17,7,2025-12-02 15:00:00,184.070000,183.793895,11.82,sell_resistance
GRT/USDT,2025-12-01 00:00:00,0.046770,0.046840,178.78,5,2025-12-22 09:00:00,0.038310,0.038253,-32.78,sell_resistance
ETH/USDT,2025-12-01 03:00:00,2825.770000,2830.008655,120.38,8,2025-12-02 14:00:00,2894.980000,2890.637530,2.58,sell_resistance
BTC/USDT,2025-12-05 16:00:00,88810.890000,88944.106335,122.52,36,2025-12-17 14:00:00,89675.850000,89541.336225,0.82,sell_resistance
UNI/USDT,2025-12-05 16:00:00,5.555000,5.563333,159.46,6,2025-12-09 16:00:00,5.918000,5.909123,9.91,sell_resistance
XLM/USDT,2025-12-05 16:00:00,0.243700,0.244066,162.27,7,2025-12-22 12:00:00,0.223500,0.223165,-13.90,sell_resistance
XTZ/USDT,2025-12-05 16:00:00,0.472400,0.473109,182.32,7,2025-12-08 20:00:00,0.495600,0.494857,8.38,sell_resistance
ETH/USDT,2025-12-07 14:00:00,2942.650000,2947.063975,120.41,49,2025-12-09 18:00:00,3376.060000,3370.995910,17.32,sell_resistance
LINK/USDT,2025-12-07 14:00:00,13.240000,13.259860,139.12,6,2025-12-27 23:00:00,12.520000,12.501220,-7.96,sell_resistance
KAVA/USDT,2025-12-08 03:00:00,0.104600,0.104757,158.47,5,2026-01-01 00:00:00,0.075200,,-44.88,end_of_data
TRX/USDT,2025-12-08 23:00:00,0.281400,0.281822,122.09,32,2025-12-15 00:00:00,0.278300,0.277883,-1.71,sell_resistance
BNB/USDT,2025-12-11 02:00:00,866.990000,868.290485,120.08,9,2025-12-28 15:00:00,860.580000,859.289130,-1.24,sell_resistance
ENJ/USDT,2025-12-11 04:00:00,0.032110,0.032158,177.15,11,2025-12-25 03:00:00,0.027760,0.027718,-24.46,sell_resistance
QNT/USDT,2025-12-11 09:00:00,83.000000,83.124500,143.59,6,2025-12-20 21:00:00,76.090000,75.975865,-12.35,sell_resistance
ADA/USDT,2025-12-12 16:00:00,0.404800,0.405407,165.98,17,2025-12-22 14:00:00,0.377600,0.377034,-11.62,sell_resistance
SHIB/USDT,2025-12-12 16:00:00,0.000008,0.000008,182.45,5,2025-12-27 23:00:00,0.000007,0.000007,-16.51,sell_resistance
ARB/USDT,2025-12-12 16:00:00,0.199700,0.200000,179.18,7,2025-12-13 20:00:00,0.217100,0.216774,15.03,sell_resistance
FIL/USDT,2025-12-14 14:00:00,1.302000,1.303953,158.04,7,2025-12-19 19:00:00,1.321000,1.319019,1.83,sell_resistance
CRV/USDT,2025-12-14 14:00:00,0.383700,0.384276,161.43,22,2025-12-22 11:00:00,0.370400,0.369844,-6.06,sell_resistance
LTC/USDT,2025-12-14 21:00:00,78.220000,78.337330,139.79,16,2025-12-22 15:00:00,79.310000,79.191035,1.52,sell_resistance
EGLD/USDT,2025-12-14 22:00:00,7.150000,7.160725,179.69,6,2026-01-01 00:00:00,5.490000,,-42.13,end_of_data
CHZ/USDT,2025-12-15 14:00:00,0.031660,0.031707,160.34,5,2025-12-19 08:00:00,0.031130,0.031083,-3.16,sell_resistance
ETH/USDT,2025-12-15 15:00:00,3010.960000,3015.476440,120.61,49,2025-12-22 14:00:00,3061.970000,3057.377045,1.68,sell_resistance
OP/USDT,2025-12-15 15:00:00,0.292500,0.292939,178.56,6,2025-12-29 03:00:00,0.282700,0.282276,-6.50,sell_resistance
BCH/USDT,2025-12-15 16:00:00,532.500000,533.298750,79.55,5,2025-12-19 16:00:00,598.500000,597.602250,9.59,sell_resistance
UNI/USDT,2025-12-15 16:00:00,5.040000,5.047560,159.62,9,2025-12-20 08:00:00,5.742000,5.733387,21.69,sell_resistance
ARB/USDT,2025-12-15 16:00:00,0.196300,0.196594,179.45,7,2026-01-01 00:00:00,0.187000,,-9.01,end_of_data
XTZ/USDT,2025-12-15 16:00:00,0.463500,0.464195,182.47,12,2025-12-25 02:00:00,0.456800,0.456115,-3.18,sell_resistance
BAT/USDT,2025-12-16 06:00:00,0.223200,0.223535,101.11,13,2025-12-24 19:00:00,0.217200,0.216874,-3.01,sell_resistance
THETA/USDT,2025-12-17 16:00:00,0.306000,0.306459,178.15,6,2025-12-28 02:00:00,0.278000,0.277583,-16.79,sell_resistance
SNX/USDT,2025-12-17 17:00:00,0.404000,0.404606,178.35,6,2025-12-22 14:00:00,0.429000,0.428357,10.47,sell_resistance
AXS/USDT,2025-12-18 17:00:00,0.832000,0.833248,177.93,11,2025-12-28 02:00:00,0.880000,0.878680,9.70,sell_resistance
ICP/USDT,2025-12-21 00:00:00,3.320000,3.324980,162.06,13,2025-12-25 06:00:00,3.095000,3.090358,-11.44,sell_resistance
BCH/USDT,2025-12-21 13:00:00,577.900000,578.766850,59.72,7,2025-12-25 08:00:00,587.400000,586.518900,0.80,sell_resistance
LDO/USDT,2025-12-21 13:00:00,0.526500,0.527290,167.34,6,2025-12-25 02:00:00,0.550400,0.549574,7.07,sell_resistance
AAVE/USDT,2025-12-21 13:00:00,173.620000,173.880430,138.34,8,2026-01-01 00:00:00,146.500000,,-21.96,end_of_data
QNT/USDT,2025-12-22 19:00:00,75.080000,75.192620,143.42,6,2025-12-27 18:00:00,74.000000,73.889000,-2.49,sell_resistance
UNI/USDT,2025-12-23 12:00:00,5.753000,5.761630,139.97,6,2025-12-28 04:00:00,6.104000,6.094844,8.09,sell_resistance
BTC/USDT,2025-12-23 14:00:00,86874.000000,87004.311000,142.96,9,2025-12-29 00:00:00,88295.690000,88163.246465,1.90,sell_resistance
ETH/USDT,2025-12-23 14:00:00,2917.210000,2921.585815,120.63,49,2025-12-29 01:00:00,2980.950000,2976.478575,2.27,sell_resistance
TRX/USDT,2025-12-24 23:00:00,0.280300,0.280720,101.72,32,2025-12-27 17:00:00,0.282200,0.281777,0.38,sell_resistance
GRT/USDT,2025-12-25 23:00:00,0.035380,0.035433,178.19,12,2025-12-27 23:00:00,0.038190,0.038133,13.58,sell_resistance
ENJ/USDT,2025-12-25 23:00:00,0.026490,0.026530,176.71,9,2025-12-28 06:00:00,0.028660,0.028617,13.90,sell_resistance
XRP/USDT,2025-12-26 00:00:00,1.832100,1.834848,140.23,10,2025-12-29 03:00:00,1.915000,1.912128,5.91,sell_resistance
CHZ/USDT,2025-12-26 00:00:00,0.033700,0.033751,140.25,11,2025-12-26 11:00:00,0.036000,0.035946,9.12,sell_resistance
DOGE/USDT,2025-12-26 15:00:00,0.122140,0.122323,159.41,10,2025-12-29 01:00:00,0.125760,0.125571,4.23,sell_resistance
QNT/USDT,2025-12-29 12:00:00,70.520000,70.625780,143.38,6,2026-01-01 00:00:00,68.850000,,-3.81,end_of_data
ICP/USDT,2025-12-29 14:00:00,2.965000,2.969448,161.88,12,2026-01-01 00:00:00,2.869000,,-5.71,end_of_data
BAT/USDT,2025-12-29 14:00:00,0.212100,0.212418,101.08,6,2026-01-01 00:00:00,0.207200,,-2.63,end_of_data
GRT/USDT,2025-12-29 19:00:00,0.035540,0.035593,178.44,12,2026-01-01 00:00:00,0.033410,,-11.20,end_of_data
ADA/USDT,2025-12-30 02:00:00,0.350800,0.351326,165.79,13,2026-01-01 00:00:00,0.334000,,-8.41,end_of_data
XLM/USDT,2025-12-30 02:00:00,0.214300,0.214621,162.05,6,2026-01-01 00:00:00,0.202400,,-9.46,end_of_data
CRV/USDT,2025-12-30 07:00:00,0.377900,0.378467,161.33,7,2026-01-01 00:00:00,0.358000,,-8.95,end_of_data
ALGO/USDT,2025-12-31 12:00:00,0.112100,0.112268,181.23,12,2026-01-01 00:00:00,0.110500,,-3.12,end_of_data
TRX/USDT,2025-12-31 14:00:00,0.282600,0.283024,101.73,32,2026-01-01 00:00:00,0.284000,,0.20,end_of_data
DOGE/USDT,2025-12-31 16:00:00,0.119000,0.119179,179.41,10,2026-01-01 00:00:00,0.117930,,-2.15,end_of_data
SHIB/USDT,2025-12-31 16:00:00,0.000007,0.000007,182.15,5,2026-01-01 00:00:00,0.000007,,-1.07,end_of_data
UNI/USDT,2025-12-31 16:00:00,5.732000,5.740598,140.08,6,2026-01-01 00:00:00,5.685000,,-1.56,end_of_data
ATOM/USDT,2025-12-31 16:00:00,1.930000,1.932895,144.90,8,2026-01-01 00:00:00,1.930000,,-0.43,end_of_data
VET/USDT,2025-12-31 16:00:00,0.010480,0.010496,184.12,9,2026-01-01 00:00:00,0.010430,,-1.43,end_of_data
SAND/USDT,2025-12-31 16:00:00,0.109700,0.109865,158.99,6,2026-01-01 00:00:00,0.109600,,-0.62,end_of_data
AXS/USDT,2025-12-31 16:00:00,0.799000,0.800199,178.10,5,2026-01-01 00:00:00,0.807000,,1.24,end_of_data
XRP/USDT,2025-12-31 17:00:00,1.834800,1.837552,140.31,10,2026-01-01 00:00:00,1.845600,,0.40,end_of_data
GALA/USDT,2025-12-31 17:00:00,0.005770,0.005779,179.80,6,2026-01-01 00:00:00,0.005870,,2.57,end_of_data
SNX/USDT,2025-12-31 17:00:00,0.403000,0.403605,178.54,6,2026-01-01 00:00:00,0.410000,,2.56,end_of_data
ZIL/USDT,2025-12-31 17:00:00,0.004660,0.004667,178.07,8,2026-01-01 00:00:00,0.004680,,0.23,end_of_data
